language,category,hanzi,literal_translation,meaning
Mandarin,Classic funny / visual,畫蛇添足 / 画蛇添足,draw a snake and add feet,overdo something and ruin it
Cantonese,Classic funny / visual,畫蛇添足 / 画蛇添足,draw a snake and add feet,overdo something and ruin it
Mandarin,Classic funny / visual,對牛彈琴 / 对牛弹琴,play the qin to a cow,speak beautifully or logically to someone who cannot appreciate it
Cantonese,Classic funny / visual,對牛彈琴 / 对牛弹琴,play the qin to a cow,speak beautifully or logically to someone who cannot appreciate it
Mandarin,Classic funny / visual,井底之蛙,frog at the bottom of a well,a narrow-minded person with limited worldview
Cantonese,Classic funny / visual,井底之蛙,frog at the bottom of a well,a narrow-minded person with limited worldview
Mandarin,Classic funny / visual,狐假虎威,the fox borrows the tiger’s power,use someone else’s authority to intimidate others
Cantonese,Classic funny / visual,狐假虎威,the fox borrows the tiger’s power,use someone else’s authority to intimidate others
Mandarin,Classic funny / visual,守株待兔,guard a tree stump waiting for rabbits,wait passively for luck instead of acting
Cantonese,Classic funny / visual,守株待兔,guard a tree stump waiting for rabbits,wait passively for luck instead of acting
Mandarin,Classic funny / visual,掩耳盜鈴 / 掩耳盗铃,cover your ears while stealing a bell,deceive yourself while doing something obviously wrong
Cantonese,Classic funny / visual,掩耳盜鈴 / 掩耳盗铃,cover your ears while stealing a bell,deceive yourself while doing something obviously wrong
Mandarin,Classic funny / visual,杯弓蛇影,a bow reflected in a cup looks like a snake,be frightened by imagined dangers
Cantonese,Classic funny / visual,杯弓蛇影,a bow reflected in a cup looks like a snake,be frightened by imagined dangers
Mandarin,Classic funny / visual,牛頭不對馬嘴 / 牛头不对马嘴,cow head does not match horse mouth,an answer or statement is completely irrelevant
Cantonese,Classic funny / visual,牛頭不對馬嘴 / 牛头不对马嘴,cow head does not match horse mouth,an answer or statement is completely irrelevant
Mandarin,Classic funny / visual,馬馬虎虎 / 马马虎虎,horse horse tiger tiger,so-so; careless; not very precise
Cantonese,Classic funny / visual,馬馬虎虎 / 马马虎虎,horse horse tiger tiger,so-so; careless; not very precise
Mandarin,Classic funny / visual,畫龍點睛 / 画龙点睛,dot the eyes of a painted dragon,add the final brilliant touch that brings something alive
Cantonese,Classic funny / visual,畫龍點睛 / 画龙点睛,dot the eyes of a painted dragon,add the final brilliant touch that brings something alive
Mandarin,Classic funny / visual,刻舟求劍 / 刻舟求剑,mark the boat to find a lost sword,use an outdated or foolish method after conditions changed
Cantonese,Classic funny / visual,刻舟求劍 / 刻舟求剑,mark the boat to find a lost sword,use an outdated or foolish method after conditions changed
Mandarin,Classic funny / visual,葉公好龍 / 叶公好龙,Lord Ye loves dragons,pretend to like something but fear or reject the real thing
Cantonese,Classic funny / visual,葉公好龍 / 叶公好龙,Lord Ye loves dragons,pretend to like something but fear or reject the real thing
Mandarin,Classic funny / visual,黔驢技窮 / 黔驴技穷,the Guizhou donkey has exhausted its tricks,be out of tricks or options
Cantonese,Classic funny / visual,黔驢技窮 / 黔驴技穷,the Guizhou donkey has exhausted its tricks,be out of tricks or options
Mandarin,Classic funny / visual,塞翁失馬 / 塞翁失马,the old man at the frontier lost his horse,bad luck may turn into good luck
Cantonese,Classic funny / visual,塞翁失馬 / 塞翁失马,the old man at the frontier lost his horse,bad luck may turn into good luck
Mandarin,Business / strategy,一箭雙鵰 / 一箭双雕,"one arrow, two eagles",achieve two goals with one action
Cantonese,Business / strategy,一箭雙鵰 / 一箭双雕,"one arrow, two eagles",achieve two goals with one action
Mandarin,Business / strategy,運籌帷幄 / 运筹帷幄,plan strategy inside the command tent,strategize carefully behind the scenes
Cantonese,Business / strategy,運籌帷幄 / 运筹帷幄,plan strategy inside the command tent,strategize carefully behind the scenes
Mandarin,Business / strategy,厚積薄發 / 厚积薄发,"accumulate deeply, release lightly",build a strong foundation before making a powerful move
Cantonese,Business / strategy,厚積薄發 / 厚积薄发,"accumulate deeply, release lightly",build a strong foundation before making a powerful move
Mandarin,Business / strategy,水到渠成,"when water arrives, the channel forms",success follows naturally when conditions are ready
Cantonese,Business / strategy,水到渠成,"when water arrives, the channel forms",success follows naturally when conditions are ready
Mandarin,Business / strategy,事半功倍,"half the work, double the result",high efficiency; excellent leverage
Cantonese,Business / strategy,事半功倍,"half the work, double the result",high efficiency; excellent leverage
Mandarin,Business / strategy,事倍功半,"double the work, half the result",poor efficiency; wasted effort
Cantonese,Business / strategy,事倍功半,"double the work, half the result",poor efficiency; wasted effort
Mandarin,Business / strategy,開源節流 / 开源节流,"open sources, control streams",increase income and reduce expenses
Cantonese,Business / strategy,開源節流 / 开源节流,"open sources, control streams",increase income and reduce expenses
Mandarin,Business / strategy,未雨綢繆 / 未雨绸缪,bind things before it rains,prepare before problems arrive
Cantonese,Business / strategy,未雨綢繆 / 未雨绸缪,bind things before it rains,prepare before problems arrive
Mandarin,Business / strategy,高瞻遠矚 / 高瞻远瞩,look high and gaze far,have long-term vision
Cantonese,Business / strategy,高瞻遠矚 / 高瞻远瞩,look high and gaze far,have long-term vision
Mandarin,Business / strategy,見微知著 / 见微知著,see the tiny and know the obvious,infer big trends from small signs
Cantonese,Business / strategy,見微知著 / 见微知著,see the tiny and know the obvious,infer big trends from small signs
Mandarin,Business / strategy,知己知彼,know yourself and know the other,understand both your own side and your opponent
Cantonese,Business / strategy,知己知彼,know yourself and know the other,understand both your own side and your opponent
Mandarin,Business / strategy,先發制人 / 先发制人,act first to control others,gain the initiative by moving first
Cantonese,Business / strategy,先發制人 / 先发制人,act first to control others,gain the initiative by moving first
Mandarin,Business / strategy,穩紮穩打 / 稳扎稳打,set up firmly and strike steadily,proceed carefully and reliably
Cantonese,Business / strategy,穩紮穩打 / 稳扎稳打,set up firmly and strike steadily,proceed carefully and reliably
Mandarin,Business / strategy,精益求精,refine excellence and seek more excellence,continually improve
Cantonese,Business / strategy,精益求精,refine excellence and seek more excellence,continually improve
Mandarin,Business / strategy,逆水行舟,row a boat against the current,progress requires constant effort
Cantonese,Business / strategy,逆水行舟,row a boat against the current,progress requires constant effort
Mandarin,Startup / ambition,白手起家,start a family/business with bare hands,build something from nothing
Cantonese,Startup / ambition,白手起家,start a family/business with bare hands,build something from nothing
Mandarin,Startup / ambition,乘風破浪 / 乘风破浪,ride the wind and break the waves,move forward boldly through difficulty
Cantonese,Startup / ambition,乘風破浪 / 乘风破浪,ride the wind and break the waves,move forward boldly through difficulty
Mandarin,Startup / ambition,披荊斬棘 / 披荆斩棘,push through thorns and cut brambles,cut through obstacles
Cantonese,Startup / ambition,披荊斬棘 / 披荆斩棘,push through thorns and cut brambles,cut through obstacles
Mandarin,Startup / ambition,破釜沉舟,break the cauldrons and sink the boats,commit fully with no retreat
Cantonese,Startup / ambition,破釜沉舟,break the cauldrons and sink the boats,commit fully with no retreat
Mandarin,Startup / ambition,百折不撓 / 百折不挠,bent a hundred times but never broken,never give up despite setbacks
Cantonese,Startup / ambition,百折不撓 / 百折不挠,bent a hundred times but never broken,never give up despite setbacks
Mandarin,Startup / ambition,東山再起 / 东山再起,rise again from the eastern mountain,make a comeback
Cantonese,Startup / ambition,東山再起 / 东山再起,rise again from the eastern mountain,make a comeback
Mandarin,Startup / ambition,青出於藍 / 青出于蓝,blue comes from indigo,the student surpasses the teacher
Cantonese,Startup / ambition,青出於藍 / 青出于蓝,blue comes from indigo,the student surpasses the teacher
Mandarin,Startup / ambition,一鳴驚人 / 一鸣惊人,one cry astonishes people,become famous with one stunning success
Cantonese,Startup / ambition,一鳴驚人 / 一鸣惊人,one cry astonishes people,become famous with one stunning success
Mandarin,Startup / ambition,脫穎而出 / 脱颖而出,the tip of the awl comes out,stand out from the crowd
Cantonese,Startup / ambition,脫穎而出 / 脱颖而出,the tip of the awl comes out,stand out from the crowd
Mandarin,Startup / ambition,鳳毛麟角 / 凤毛麟角,phoenix feathers and unicorn horns,something extremely rare and precious
Cantonese,Startup / ambition,鳳毛麟角 / 凤毛麟角,phoenix feathers and unicorn horns,something extremely rare and precious
Mandarin,Money / wealth / luck,招財進寶 / 招财进宝,summon wealth and bring in treasure,attract wealth and prosperity
Cantonese,Money / wealth / luck,招財進寶 / 招财进宝,summon wealth and bring in treasure,attract wealth and prosperity
Mandarin,Money / wealth / luck,財源廣進 / 财源广进,wealth sources enter widely,may money flow in from many sources
Cantonese,Money / wealth / luck,財源廣進 / 财源广进,wealth sources enter widely,may money flow in from many sources
Mandarin,Money / wealth / luck,金玉滿堂 / 金玉满堂,gold and jade fill the hall,great wealth and abundance
Cantonese,Money / wealth / luck,金玉滿堂 / 金玉满堂,gold and jade fill the hall,great wealth and abundance
Mandarin,Money / wealth / luck,一本萬利 / 一本万利,"one capital, ten thousand profits",huge profit from small investment
Cantonese,Money / wealth / luck,一本萬利 / 一本万利,"one capital, ten thousand profits",huge profit from small investment
Mandarin,Money / wealth / luck,日進斗金 / 日进斗金,daily bring in a measure of gold,earn a lot of money every day
Cantonese,Money / wealth / luck,日進斗金 / 日进斗金,daily bring in a measure of gold,earn a lot of money every day
Mandarin,Money / wealth / luck,和氣生財 / 和气生财,harmony gives birth to wealth,friendly relations bring business success
Cantonese,Money / wealth / luck,和氣生財 / 和气生财,harmony gives birth to wealth,friendly relations bring business success
Mandarin,Money / wealth / luck,生意興隆 / 生意兴隆,business rises and flourishes,business prospers
Cantonese,Money / wealth / luck,生意興隆 / 生意兴隆,business rises and flourishes,business prospers
Mandarin,Money / wealth / luck,財運亨通 / 财运亨通,wealth luck flows smoothly,good financial fortune
Cantonese,Money / wealth / luck,財運亨通 / 财运亨通,wealth luck flows smoothly,good financial fortune
Mandarin,Money / wealth / luck,八方來財 / 八方来财,wealth comes from eight directions,money comes from everywhere
Cantonese,Money / wealth / luck,八方來財 / 八方来财,wealth comes from eight directions,money comes from everywhere
Mandarin,Money / wealth / luck,富貴吉祥 / 富贵吉祥,"wealth, honor, and auspiciousness",prosperity and good fortune
Cantonese,Money / wealth / luck,富貴吉祥 / 富贵吉祥,"wealth, honor, and auspiciousness",prosperity and good fortune
Mandarin,Wisdom / philosophy,大智若愚,great wisdom seems foolish,true wisdom can appear humble or simple
Cantonese,Wisdom / philosophy,大智若愚,great wisdom seems foolish,true wisdom can appear humble or simple
Mandarin,Wisdom / philosophy,上善若水,highest goodness is like water,"the best virtue is gentle, flexible, and nourishing"
Cantonese,Wisdom / philosophy,上善若水,highest goodness is like water,"the best virtue is gentle, flexible, and nourishing"
Mandarin,Wisdom / philosophy,物極必反 / 物极必反,"when things reach an extreme, they reverse",extremes eventually turn into their opposites
Cantonese,Wisdom / philosophy,物極必反 / 物极必反,"when things reach an extreme, they reverse",extremes eventually turn into their opposites
Mandarin,Wisdom / philosophy,無為而治 / 无为而治,govern by non-action,lead without forcing; Daoist effortless order
Cantonese,Wisdom / philosophy,無為而治 / 无为而治,govern by non-action,lead without forcing; Daoist effortless order
Mandarin,Wisdom / philosophy,知足常樂 / 知足常乐,know enough and always be happy,contentment brings happiness
Cantonese,Wisdom / philosophy,知足常樂 / 知足常乐,know enough and always be happy,contentment brings happiness
Mandarin,Wisdom / philosophy,隨遇而安 / 随遇而安,be at peace with what you encounter,adapt calmly to circumstances
Cantonese,Wisdom / philosophy,隨遇而安 / 随遇而安,be at peace with what you encounter,adapt calmly to circumstances
Mandarin,Wisdom / philosophy,得失隨緣 / 得失随缘,gain and loss follow fate,accept gains and losses calmly
Cantonese,Wisdom / philosophy,得失隨緣 / 得失随缘,gain and loss follow fate,accept gains and losses calmly
Mandarin,Wisdom / philosophy,一念之差,the difference of one thought,a tiny mental choice can change everything
Cantonese,Wisdom / philosophy,一念之差,the difference of one thought,a tiny mental choice can change everything
Mandarin,Wisdom / philosophy,人外有人,"outside people, there are people",there is always someone better
Cantonese,Wisdom / philosophy,人外有人,"outside people, there are people",there is always someone better
Mandarin,Wisdom / philosophy,天外有天,"beyond the sky, there is sky",there is always a higher level
Cantonese,Wisdom / philosophy,天外有天,"beyond the sky, there is sky",there is always a higher level
Mandarin,Aesthetic / tattoo-friendly,無畏 / 无畏,without fear,fearless
Cantonese,Aesthetic / tattoo-friendly,無畏 / 无畏,without fear,fearless
Mandarin,Aesthetic / tattoo-friendly,自在,self-existing / freely present,"free, relaxed, at ease"
Cantonese,Aesthetic / tattoo-friendly,自在,self-existing / freely present,"free, relaxed, at ease"
Mandarin,Aesthetic / tattoo-friendly,逍遙 / 逍遥,wander freely,carefree freedom
Cantonese,Aesthetic / tattoo-friendly,逍遙 / 逍遥,wander freely,carefree freedom
Mandarin,Aesthetic / tattoo-friendly,靜心 / 静心,quiet heart,calm mind
Cantonese,Aesthetic / tattoo-friendly,靜心 / 静心,quiet heart,calm mind
Mandarin,Aesthetic / tattoo-friendly,清風 / 清风,clear breeze,"freshness, calm, elegance"
Cantonese,Aesthetic / tattoo-friendly,清風 / 清风,clear breeze,"freshness, calm, elegance"
Mandarin,Aesthetic / tattoo-friendly,明月,bright moon,"clarity, beauty, poetic calm"
Cantonese,Aesthetic / tattoo-friendly,明月,bright moon,"clarity, beauty, poetic calm"
Mandarin,Aesthetic / tattoo-friendly,山海,mountains and seas,vast nature; distance and grandeur
Cantonese,Aesthetic / tattoo-friendly,山海,mountains and seas,vast nature; distance and grandeur
Mandarin,Aesthetic / tattoo-friendly,星河,river of stars,Milky Way; cosmic beauty
Cantonese,Aesthetic / tattoo-friendly,星河,river of stars,Milky Way; cosmic beauty
Mandarin,Aesthetic / tattoo-friendly,浮生,floating life,fleeting human life
Cantonese,Aesthetic / tattoo-friendly,浮生,floating life,fleeting human life
Mandarin,Aesthetic / tattoo-friendly,夢醒 / 梦醒,dream awakening,waking from illusion
Cantonese,Aesthetic / tattoo-friendly,夢醒 / 梦醒,dream awakening,waking from illusion
Mandarin,Aesthetic / tattoo-friendly,風骨 / 风骨,wind and bones,"integrity, noble character, inner strength"
Cantonese,Aesthetic / tattoo-friendly,風骨 / 风骨,wind and bones,"integrity, noble character, inner strength"
Mandarin,Aesthetic / tattoo-friendly,赤心,red heart,sincere and loyal heart
Cantonese,Aesthetic / tattoo-friendly,赤心,red heart,sincere and loyal heart
Mandarin,Aesthetic / tattoo-friendly,知行合一,knowledge and action become one,act according to what you know
Cantonese,Aesthetic / tattoo-friendly,知行合一,knowledge and action become one,act according to what you know
Mandarin,Aesthetic / tattoo-friendly,心如止水,heart like still water,a mind completely calm
Cantonese,Aesthetic / tattoo-friendly,心如止水,heart like still water,a mind completely calm
Mandarin,Aesthetic / tattoo-friendly,雲淡風輕 / 云淡风轻,"clouds pale, wind light",calm detachment and ease
Cantonese,Aesthetic / tattoo-friendly,雲淡風輕 / 云淡风轻,"clouds pale, wind light",calm detachment and ease
Mandarin,Aesthetic / tattoo-friendly,海納百川 / 海纳百川,the sea accepts a hundred rivers,open-mindedness and tolerance
Cantonese,Aesthetic / tattoo-friendly,海納百川 / 海纳百川,the sea accepts a hundred rivers,open-mindedness and tolerance
Mandarin,Love / friendship,一見鍾情 / 一见钟情,one look and feelings gather,love at first sight
Cantonese,Love / friendship,一見鍾情 / 一见钟情,one look and feelings gather,love at first sight
Mandarin,Love / friendship,情投意合,feelings fit and intentions match,be emotionally compatible
Cantonese,Love / friendship,情投意合,feelings fit and intentions match,be emotionally compatible
Mandarin,Love / friendship,青梅竹馬 / 青梅竹马,green plums and bamboo horses,childhood sweethearts
Cantonese,Love / friendship,青梅竹馬 / 青梅竹马,green plums and bamboo horses,childhood sweethearts
Mandarin,Love / friendship,海誓山盟,sea oath and mountain vow,eternal vows of love
Cantonese,Love / friendship,海誓山盟,sea oath and mountain vow,eternal vows of love
Mandarin,Love / friendship,天作之合,a union made by heaven,a perfect match
Cantonese,Love / friendship,天作之合,a union made by heaven,a perfect match
Mandarin,Love / friendship,心心相印,heart and heart imprint each other,deep mutual understanding
Cantonese,Love / friendship,心心相印,heart and heart imprint each other,deep mutual understanding
Mandarin,Love / friendship,相濡以沫,moisten each other with foam,support each other through hardship
Cantonese,Love / friendship,相濡以沫,moisten each other with foam,support each other through hardship
Mandarin,Love / friendship,白頭偕老 / 白头偕老,white-haired together in old age,grow old together
Cantonese,Love / friendship,白頭偕老 / 白头偕老,white-haired together in old age,grow old together
Mandarin,Love / friendship,如膠似漆 / 如胶似漆,like glue and lacquer,inseparable
Cantonese,Love / friendship,如膠似漆 / 如胶似漆,like glue and lacquer,inseparable
Mandarin,Historic / literary,臥薪嘗膽 / 卧薪尝胆,sleep on brushwood and taste gall,endure hardship to achieve revenge or success
Cantonese,Historic / literary,臥薪嘗膽 / 卧薪尝胆,sleep on brushwood and taste gall,endure hardship to achieve revenge or success
Mandarin,Historic / literary,三顧茅廬 / 三顾茅庐,visit the thatched cottage three times,sincerely seek out talent or advice
Cantonese,Historic / literary,三顧茅廬 / 三顾茅庐,visit the thatched cottage three times,sincerely seek out talent or advice
Mandarin,Historic / literary,草船借箭,borrow arrows with straw boats,win through clever strategy
Cantonese,Historic / literary,草船借箭,borrow arrows with straw boats,win through clever strategy
Mandarin,Historic / literary,空城計 / 空城计,empty city stratagem,bluff calmly in a dangerous situation
Cantonese,Historic / literary,空城計 / 空城计,empty city stratagem,bluff calmly in a dangerous situation
Mandarin,Historic / literary,望梅止渴,look at plums to stop thirst,comfort oneself with imagination
Cantonese,Historic / literary,望梅止渴,look at plums to stop thirst,comfort oneself with imagination
Mandarin,Historic / literary,四面楚歌,Chu songs on all four sides,be surrounded by enemies or hopeless pressure
Cantonese,Historic / literary,四面楚歌,Chu songs on all four sides,be surrounded by enemies or hopeless pressure
Mandarin,Historic / literary,指鹿為馬 / 指鹿为马,point at a deer and call it a horse,deliberate political manipulation of truth
Cantonese,Historic / literary,指鹿為馬 / 指鹿为马,point at a deer and call it a horse,deliberate political manipulation of truth
Mandarin,Historic / literary,完璧歸趙 / 完璧归赵,return the jade intact to Zhao,return something safely and intact
Cantonese,Historic / literary,完璧歸趙 / 完璧归赵,return the jade intact to Zhao,return something safely and intact
Mandarin,Historic / literary,負荊請罪 / 负荆请罪,carry thorn branches to ask punishment,make a humble apology
Cantonese,Historic / literary,負荊請罪 / 负荆请罪,carry thorn branches to ask punishment,make a humble apology
Mandarin,Historic / literary,紙上談兵 / 纸上谈兵,discuss warfare on paper,theory without practical ability
Cantonese,Historic / literary,紙上談兵 / 纸上谈兵,discuss warfare on paper,theory without practical ability
Mandarin,Historic / literary,東施效顰 / 东施效颦,Dongshi imitates a frown,awkward imitation that backfires
Cantonese,Historic / literary,東施效顰 / 东施效颦,Dongshi imitates a frown,awkward imitation that backfires
Mandarin,Historic / literary,洛陽紙貴 / 洛阳纸贵,paper becomes expensive in Luoyang,a literary work becomes wildly popular
Cantonese,Historic / literary,洛陽紙貴 / 洛阳纸贵,paper becomes expensive in Luoyang,a literary work becomes wildly popular
Mandarin,Historic / literary,毛遂自薦 / 毛遂自荐,Mao Sui recommends himself,boldly volunteer oneself
Cantonese,Historic / literary,毛遂自薦 / 毛遂自荐,Mao Sui recommends himself,boldly volunteer oneself
Mandarin,Historic / literary,鷸蚌相爭 / 鹬蚌相争,snipe and clam fight,two parties fight and a third benefits
Cantonese,Historic / literary,鷸蚌相爭 / 鹬蚌相争,snipe and clam fight,two parties fight and a third benefits
Mandarin,School / study,學海無涯 / 学海无涯,the sea of learning has no shore,learning is endless
Cantonese,School / study,學海無涯 / 学海无涯,the sea of learning has no shore,learning is endless
Mandarin,School / study,溫故知新 / 温故知新,warm up the old and know the new,review old knowledge to gain new insight
Cantonese,School / study,溫故知新 / 温故知新,warm up the old and know the new,review old knowledge to gain new insight
Mandarin,School / study,一目十行,"one glance, ten lines",read extremely fast
Cantonese,School / study,一目十行,"one glance, ten lines",read extremely fast
Mandarin,School / study,過目不忘 / 过目不忘,pass before the eyes and not forget,have an excellent memory
Cantonese,School / study,過目不忘 / 过目不忘,pass before the eyes and not forget,have an excellent memory
Mandarin,School / study,博學多才 / 博学多才,broadly learned and very talented,erudite and talented
Cantonese,School / study,博學多才 / 博学多才,broadly learned and very talented,erudite and talented
Mandarin,School / study,才高八斗,talent as high as eight dou,exceptionally talented
Cantonese,School / study,才高八斗,talent as high as eight dou,exceptionally talented
Mandarin,School / study,學以致用 / 学以致用,learn in order to apply,put learning into practice
Cantonese,School / study,學以致用 / 学以致用,learn in order to apply,put learning into practice
Mandarin,School / study,融會貫通 / 融会贯通,"merge, understand, and connect through",integrate knowledge deeply
Cantonese,School / study,融會貫通 / 融会贯通,"merge, understand, and connect through",integrate knowledge deeply
Mandarin,School / study,舉一反三 / 举一反三,raise one and infer three,learn broadly from one example
Cantonese,School / study,舉一反三 / 举一反三,raise one and infer three,learn broadly from one example
Mandarin,School / study,熟能生巧,skill comes from familiarity,practice makes skill
Cantonese,School / study,熟能生巧,skill comes from familiarity,practice makes skill
Mandarin,Failure / resilience,失敗乃成功之母 / 失败乃成功之母,failure is the mother of success,failure leads to eventual success
Cantonese,Failure / resilience,失敗乃成功之母 / 失败乃成功之母,failure is the mother of success,failure leads to eventual success
Mandarin,Failure / resilience,捲土重來 / 卷土重来,roll up dust and come again,make a comeback
Cantonese,Failure / resilience,捲土重來 / 卷土重来,roll up dust and come again,make a comeback
Mandarin,Failure / resilience,浴火重生,reborn through fire,emerge stronger after destruction or hardship
Cantonese,Failure / resilience,浴火重生,reborn through fire,emerge stronger after destruction or hardship
Mandarin,Failure / resilience,苦盡甘來 / 苦尽甘来,"bitterness ends, sweetness comes",good times come after hardship
Cantonese,Failure / resilience,苦盡甘來 / 苦尽甘来,"bitterness ends, sweetness comes",good times come after hardship
Mandarin,Failure / resilience,否極泰來 / 否极泰来,misfortune reaches its extreme and peace arrives,things improve after the worst point
Cantonese,Failure / resilience,否極泰來 / 否极泰来,misfortune reaches its extreme and peace arrives,things improve after the worst point
Mandarin,Failure / resilience,柳暗花明,"willows dark, flowers bright",hope appears after despair
Cantonese,Failure / resilience,柳暗花明,"willows dark, flowers bright",hope appears after despair
Mandarin,Failure / resilience,迎難而上 / 迎难而上,face difficulty and go upward,confront hardship directly
Cantonese,Failure / resilience,迎難而上 / 迎难而上,face difficulty and go upward,confront hardship directly
Mandarin,Failure / resilience,百煉成鋼 / 百炼成钢,refined a hundred times into steel,become strong through repeated trials
Cantonese,Failure / resilience,百煉成鋼 / 百炼成钢,refined a hundred times into steel,become strong through repeated trials
Mandarin,Failure / resilience,堅持不懈 / 坚持不懈,persist and do not slacken,keep going without giving up
Cantonese,Failure / resilience,堅持不懈 / 坚持不懈,persist and do not slacken,keep going without giving up
Mandarin,Failure / resilience,逆風翻盤 / 逆风翻盘,turn the board against the wind,turn a bad situation around
Cantonese,Failure / resilience,逆風翻盤 / 逆风翻盘,turn the board against the wind,turn a bad situation around
Mandarin,Villain / power / dark aesthetic,龍爭虎鬥 / 龙争虎斗,dragon fights tiger,epic rivalry or fierce struggle
Cantonese,Villain / power / dark aesthetic,龍爭虎鬥 / 龙争虎斗,dragon fights tiger,epic rivalry or fierce struggle
Mandarin,Villain / power / dark aesthetic,風雲變色 / 风云变色,wind and clouds change color,dramatic upheaval
Cantonese,Villain / power / dark aesthetic,風雲變色 / 风云变色,wind and clouds change color,dramatic upheaval
Mandarin,Villain / power / dark aesthetic,殺氣騰騰 / 杀气腾腾,murderous aura rises,full of threatening energy
Cantonese,Villain / power / dark aesthetic,殺氣騰騰 / 杀气腾腾,murderous aura rises,full of threatening energy
Mandarin,Villain / power / dark aesthetic,獨步天下 / 独步天下,walk alone under heaven,unmatched in the world
Cantonese,Villain / power / dark aesthetic,獨步天下 / 独步天下,walk alone under heaven,unmatched in the world
Mandarin,Villain / power / dark aesthetic,天下無雙 / 天下无双,no equal under heaven,unparalleled
Cantonese,Villain / power / dark aesthetic,天下無雙 / 天下无双,no equal under heaven,unparalleled
Mandarin,Villain / power / dark aesthetic,雄霸一方,heroically dominate one region,dominate a territory or field
Cantonese,Villain / power / dark aesthetic,雄霸一方,heroically dominate one region,dominate a territory or field
Mandarin,Villain / power / dark aesthetic,霸氣外露 / 霸气外露,dominating aura exposed,radiating power or confidence
Cantonese,Villain / power / dark aesthetic,霸氣外露 / 霸气外露,dominating aura exposed,radiating power or confidence
Mandarin,Villain / power / dark aesthetic,斬草除根 / 斩草除根,cut the grass and remove the roots,eliminate a problem completely
Cantonese,Villain / power / dark aesthetic,斬草除根 / 斩草除根,cut the grass and remove the roots,eliminate a problem completely
Mandarin,Villain / power / dark aesthetic,暗度陳倉 / 暗度陈仓,secretly pass through Chencang,use a hidden strategic maneuver
Cantonese,Villain / power / dark aesthetic,暗度陳倉 / 暗度陈仓,secretly pass through Chencang,use a hidden strategic maneuver
Mandarin,Villain / power / dark aesthetic,笑裏藏刀 / 笑里藏刀,hide a knife inside a smile,appear friendly while hiding hostile intent
Cantonese,Villain / power / dark aesthetic,笑裏藏刀 / 笑里藏刀,hide a knife inside a smile,appear friendly while hiding hostile intent
Mandarin,Nature / poetic,春暖花開 / 春暖花开,"spring warm, flowers open",beautiful spring; hopeful atmosphere
Cantonese,Nature / poetic,春暖花開 / 春暖花开,"spring warm, flowers open",beautiful spring; hopeful atmosphere
Mandarin,Nature / poetic,花好月圓 / 花好月圆,"flowers good, moon round","happiness, reunion, completeness"
Cantonese,Nature / poetic,花好月圓 / 花好月圆,"flowers good, moon round","happiness, reunion, completeness"
Mandarin,Nature / poetic,風花雪月 / 风花雪月,"wind, flowers, snow, moon",romantic or poetic beauty
Cantonese,Nature / poetic,風花雪月 / 风花雪月,"wind, flowers, snow, moon",romantic or poetic beauty
Mandarin,Nature / poetic,山明水秀,"mountains bright, waters elegant",beautiful natural scenery
Cantonese,Nature / poetic,山明水秀,"mountains bright, waters elegant",beautiful natural scenery
Mandarin,Nature / poetic,水光山色,water light and mountain colors,beautiful landscape
Cantonese,Nature / poetic,水光山色,water light and mountain colors,beautiful landscape
Mandarin,Nature / poetic,月明星稀,"moon bright, stars sparse",clear moonlit night
Cantonese,Nature / poetic,月明星稀,"moon bright, stars sparse",clear moonlit night
Mandarin,Nature / poetic,落花流水,falling flowers and flowing water,poetic image of loss or defeat
Cantonese,Nature / poetic,落花流水,falling flowers and flowing water,poetic image of loss or defeat
Mandarin,Nature / poetic,鳥語花香 / 鸟语花香,"birds speak, flowers fragrant",spring-like natural beauty
Cantonese,Nature / poetic,鳥語花香 / 鸟语花香,"birds speak, flowers fragrant",spring-like natural beauty
Mandarin,Nature / poetic,煙雨江南 / 烟雨江南,misty rain in Jiangnan,"soft, poetic southern scenery"
Cantonese,Nature / poetic,煙雨江南 / 烟雨江南,misty rain in Jiangnan,"soft, poetic southern scenery"
Mandarin,Food / daily life,民以食為天 / 民以食为天,the people take food as heaven,food is the most important thing in life
Cantonese,Food / daily life,民以食為天 / 民以食为天,the people take food as heaven,food is the most important thing in life
Mandarin,Food / daily life,吃苦耐勞 / 吃苦耐劳,eat bitterness and endure labor,work hard and endure hardship
Cantonese,Food / daily life,吃苦耐勞 / 吃苦耐劳,eat bitterness and endure labor,work hard and endure hardship
Mandarin,Food / daily life,粗茶淡飯 / 粗茶淡饭,coarse tea and plain rice,simple humble living
Cantonese,Food / daily life,粗茶淡飯 / 粗茶淡饭,coarse tea and plain rice,simple humble living
Mandarin,Food / daily life,飯來張口 / 饭来张口,food comes and you open your mouth,spoiled and dependent
Cantonese,Food / daily life,飯來張口 / 饭来张口,food comes and you open your mouth,spoiled and dependent
Mandarin,Food / daily life,狼吞虎嚥 / 狼吞虎咽,wolf-swallow and tiger-gulp,eat very greedily
Cantonese,Food / daily life,狼吞虎嚥 / 狼吞虎咽,wolf-swallow and tiger-gulp,eat very greedily
Mandarin,Food / daily life,津津有味,with flavor again and again,with great enjoyment
Cantonese,Food / daily life,津津有味,with flavor again and again,with great enjoyment
Mandarin,Food / daily life,酸甜苦辣,"sour, sweet, bitter, spicy",the full range of life’s experiences
Cantonese,Food / daily life,酸甜苦辣,"sour, sweet, bitter, spicy",the full range of life’s experiences
Mandarin,Food / daily life,人間煙火 / 人间烟火,human-world smoke and fire,warmth of ordinary human life
Cantonese,Food / daily life,人間煙火 / 人间烟火,human-world smoke and fire,warmth of ordinary human life
Mandarin,Food / daily life,茶餘飯後 / 茶余饭后,after tea and meals,casual conversation or gossip time
Cantonese,Food / daily life,茶餘飯後 / 茶余饭后,after tea and meals,casual conversation or gossip time
Mandarin,Cute / wholesome,平安喜樂 / 平安喜乐,peace and joy,peaceful and happy life
Cantonese,Cute / wholesome,平安喜樂 / 平安喜乐,peace and joy,peaceful and happy life
Mandarin,Cute / wholesome,萬事如意 / 万事如意,ten thousand things as wished,may everything go as desired
Cantonese,Cute / wholesome,萬事如意 / 万事如意,ten thousand things as wished,may everything go as desired
Mandarin,Cute / wholesome,心想事成,what the heart thinks becomes reality,may your wishes come true
Cantonese,Cute / wholesome,心想事成,what the heart thinks becomes reality,may your wishes come true
Mandarin,Cute / wholesome,吉祥如意,auspicious and as wished,good luck and fulfillment
Cantonese,Cute / wholesome,吉祥如意,auspicious and as wished,good luck and fulfillment
Mandarin,Cute / wholesome,歲歲平安 / 岁岁平安,peace year after year,lasting safety and peace
Cantonese,Cute / wholesome,歲歲平安 / 岁岁平安,peace year after year,lasting safety and peace
Mandarin,Cute / wholesome,笑口常開 / 笑口常开,smiling mouth always open,always smiling and cheerful
Cantonese,Cute / wholesome,笑口常開 / 笑口常开,smiling mouth always open,always smiling and cheerful
Mandarin,Cute / wholesome,福星高照,lucky star shines high,good fortune watches over you
Cantonese,Cute / wholesome,福星高照,lucky star shines high,good fortune watches over you
Mandarin,Cute / wholesome,花開富貴 / 花开富贵,"flowers bloom, wealth and honor",prosperity and beauty
Cantonese,Cute / wholesome,花開富貴 / 花开富贵,"flowers bloom, wealth and honor",prosperity and beauty
Mandarin,Cute / wholesome,龍馬精神 / 龙马精神,dragon-horse spirit,vigorous energy and vitality
Cantonese,Cute / wholesome,龍馬精神 / 龙马精神,dragon-horse spirit,vigorous energy and vitality
Mandarin,Cute / wholesome,身壯力健 / 身壮力健,"body strong, power healthy",strong and healthy
Cantonese,Cute / wholesome,身壯力健 / 身壮力健,"body strong, power healthy",strong and healthy
Mandarin,Sarcastic / spicy,自作聰明 / 自作聪明,make oneself clever,"think oneself clever, usually wrongly"
Cantonese,Sarcastic / spicy,自作聰明 / 自作聪明,make oneself clever,"think oneself clever, usually wrongly"
Mandarin,Sarcastic / spicy,口是心非,"mouth says yes, heart says no",say one thing and mean another
Cantonese,Sarcastic / spicy,口是心非,"mouth says yes, heart says no",say one thing and mean another
Mandarin,Sarcastic / spicy,狼心狗肺,wolf heart and dog lungs,cruel and ungrateful
Cantonese,Sarcastic / spicy,狼心狗肺,wolf heart and dog lungs,cruel and ungrateful
Mandarin,Sarcastic / spicy,厚顏無恥 / 厚颜无耻,thick-faced and without shame,shameless
Cantonese,Sarcastic / spicy,厚顏無恥 / 厚颜无耻,thick-faced and without shame,shameless
Mandarin,Sarcastic / spicy,得寸進尺 / 得寸进尺,gain an inch and advance a foot,take more than one is given
Cantonese,Sarcastic / spicy,得寸進尺 / 得寸进尺,gain an inch and advance a foot,take more than one is given
Mandarin,Sarcastic / spicy,裝模作樣 / 装模作样,put on a model and make a manner,pretend; put on an act
Cantonese,Sarcastic / spicy,裝模作樣 / 装模作样,put on a model and make a manner,pretend; put on an act
Mandarin,Sarcastic / spicy,狗眼看人低,dog eyes see people as low,look down on people
Cantonese,Sarcastic / spicy,狗眼看人低,dog eyes see people as low,look down on people
Mandarin,Sarcastic / spicy,一派胡言,one whole stream of nonsense words,complete nonsense
Cantonese,Sarcastic / spicy,一派胡言,one whole stream of nonsense words,complete nonsense
Mandarin,Sarcastic / spicy,廢話連篇 / 废话连篇,useless words in endless pages,endless nonsense
Cantonese,Sarcastic / spicy,廢話連篇 / 废话连篇,useless words in endless pages,endless nonsense
Mandarin,Sarcastic / spicy,眼高手低,"eyes high, hands low",ambitious standards but poor ability
Cantonese,Sarcastic / spicy,眼高手低,"eyes high, hands low",ambitious standards but poor ability
Mandarin,Minimal / nice Hanzi,龍 / 龙,dragon,"power, nobility, mythic force"
Cantonese,Minimal / nice Hanzi,龍 / 龙,dragon,"power, nobility, mythic force"
Mandarin,Minimal / nice Hanzi,虎,tiger,strength and courage
Cantonese,Minimal / nice Hanzi,虎,tiger,strength and courage
Mandarin,Minimal / nice Hanzi,風 / 风,wind,"movement, freedom, change"
Cantonese,Minimal / nice Hanzi,風 / 风,wind,"movement, freedom, change"
Mandarin,Minimal / nice Hanzi,月,moon,"beauty, calm, night"
Cantonese,Minimal / nice Hanzi,月,moon,"beauty, calm, night"
Mandarin,Minimal / nice Hanzi,星,star,"hope, light, destiny"
Cantonese,Minimal / nice Hanzi,星,star,"hope, light, destiny"
Mandarin,Minimal / nice Hanzi,雲 / 云,cloud,"lightness, distance, wandering"
Cantonese,Minimal / nice Hanzi,雲 / 云,cloud,"lightness, distance, wandering"
Mandarin,Minimal / nice Hanzi,雪,snow,"purity, cold beauty"
Cantonese,Minimal / nice Hanzi,雪,snow,"purity, cold beauty"
Mandarin,Minimal / nice Hanzi,夢 / 梦,dream,"dreams, illusion, longing"
Cantonese,Minimal / nice Hanzi,夢 / 梦,dream,"dreams, illusion, longing"
Mandarin,Minimal / nice Hanzi,心,heart,"heart, mind, feeling"
Cantonese,Minimal / nice Hanzi,心,heart,"heart, mind, feeling"
Mandarin,Minimal / nice Hanzi,道,way/path,"the way, principle, Dao"
Cantonese,Minimal / nice Hanzi,道,way/path,"the way, principle, Dao"
Mandarin,Minimal / nice Hanzi,禪 / 禅,meditation,"Zen, meditative calm"
Cantonese,Minimal / nice Hanzi,禪 / 禅,meditation,"Zen, meditative calm"
Mandarin,Minimal / nice Hanzi,光,light,"brightness, hope, radiance"
Cantonese,Minimal / nice Hanzi,光,light,"brightness, hope, radiance"
Mandarin,Minimal / nice Hanzi,影,shadow,"shadow, reflection, image"
Cantonese,Minimal / nice Hanzi,影,shadow,"shadow, reflection, image"
Mandarin,Minimal / nice Hanzi,海,sea,vastness and depth
Cantonese,Minimal / nice Hanzi,海,sea,vastness and depth
Mandarin,Minimal / nice Hanzi,山,mountain,stability and grandeur
Cantonese,Minimal / nice Hanzi,山,mountain,stability and grandeur
Mandarin,Minimal / nice Hanzi,火,fire,passion and energy
Cantonese,Minimal / nice Hanzi,火,fire,passion and energy
Mandarin,Minimal / nice Hanzi,水,water,"flow, adaptability, calm"
Cantonese,Minimal / nice Hanzi,水,water,"flow, adaptability, calm"
Mandarin,Minimal / nice Hanzi,空,empty / sky,"emptiness, openness, sky"
Cantonese,Minimal / nice Hanzi,空,empty / sky,"emptiness, openness, sky"
Mandarin,Minimal / nice Hanzi,靈 / 灵,spirit,"spirit, soul, subtle power"
Cantonese,Minimal / nice Hanzi,靈 / 灵,spirit,"spirit, soul, subtle power"
Mandarin,Minimal / nice Hanzi,緣 / 缘,fate connection,"destiny, karmic connection, affinity"
Cantonese,Minimal / nice Hanzi,緣 / 缘,fate connection,"destiny, karmic connection, affinity"
Cantonese,Cantonese slang / Hong Kong,冇眼睇,no eyes to watch,"too embarrassing, awful, or chaotic to look at"
Cantonese,Cantonese slang / Hong Kong,唔該,should not trouble you,"please, thanks, or excuse me depending on context"
Cantonese,Cantonese slang / Hong Kong,搞掂,handle until settled,"sorted, done, handled"
Cantonese,Cantonese slang / Hong Kong,食咗飯未？,have you eaten rice yet?,classic greeting; friendly check-in
Cantonese,Cantonese slang / Hong Kong,加油,add oil,keep going; come on
Cantonese,Cantonese slang / Hong Kong,無厘頭,without head or tail,absurd nonsense humor
Cantonese,Cantonese slang / Hong Kong,大頭蝦,big-headed shrimp,careless or forgetful person
Cantonese,Cantonese slang / Hong Kong,騎呢,odd / strange,"weird, quirky, awkward"
Cantonese,Cantonese slang / Hong Kong,巴閉,impressive / arrogant,"showy, cocky, or impressively bold depending on tone"
Cantonese,Cantonese slang / Hong Kong,得閒飲茶,"when free, drink tea",let’s hang out / yum cha sometime
Cantonese,Cantonese slang / Hong Kong,人山人海,"people mountain, people sea",huge crowd
Cantonese,Cantonese slang / Hong Kong,九唔搭八,nine does not connect to eight,completely unrelated or nonsensical
Cantonese,Cantonese slang / Hong Kong,有冇搞錯,is there any mistake?,are you kidding me? / seriously?
Cantonese,Cantonese slang / Hong Kong,黐線,stuck to the wire,"crazy, nuts"
Cantonese,Cantonese slang / Hong Kong,好犀利,very sharp/powerful,very impressive
Cantonese,Cantonese slang / Hong Kong,靚仔,pretty boy,handsome guy
Cantonese,Cantonese slang / Hong Kong,靚女,pretty girl,pretty girl / woman
Cantonese,Cantonese slang / Hong Kong,打邊爐,hit the side stove,eat hotpot
Cantonese,Cantonese slang / Hong Kong,收皮,collect skin,shut up / stop it; rude
Cantonese,Cantonese slang / Hong Kong,食檸檬,eat lemon,get romantically rejected
Cantonese,Cantonese slang / Hong Kong,笑到碌地,laugh until rolling on the floor,laugh extremely hard
Cantonese,Cantonese slang / Hong Kong,雞同鴨講 / 鸡同鸭讲,chicken talks with duck,people cannot understand each other
Mandarin,Mandarin internet slang,牛逼 / 牛屄,cow vagina,"awesome, badass; vulgar-ish"
Mandarin,Mandarin internet slang,厲害了 / 厉害了,it became powerful,impressive; often ironic
Mandarin,Mandarin internet slang,扎心了,it stabbed the heart,that hit emotionally
Mandarin,Mandarin internet slang,破防了,the defense was broken,emotionally overwhelmed or triggered
Mandarin,Mandarin internet slang,躺平,lie flat,opt out of the rat race
Mandarin,Mandarin internet slang,內卷 / 内卷,inward rolling,pointless competitive overwork
Mandarin,Mandarin internet slang,摸魚 / 摸鱼,touch fish,slack off at work or school
Mandarin,Mandarin internet slang,社死,social death,extreme embarrassment
Mandarin,Mandarin internet slang,YYDS,eternal god,GOAT; the best forever
Mandarin,Mandarin internet slang,真的栓Q,really thank Q,ironic meme version of thank you
Mandarin,Mandarin internet slang,笑死,laugh to death,LOL; very funny
Mandarin,Mandarin internet slang,絕絕子 / 绝绝子,absolutely absolutely child,"amazing or terrible, depending on tone"
Mandarin,Mandarin internet slang,離譜 / 离谱,off the score/sheet,"absurd, outrageous, ridiculous"
Mandarin,Mandarin internet slang,太卷了,too inward-rolling,too competitively exhausting
Mandarin,Mandarin internet slang,破大防,break the big defense,emotionally destroyed
